Workbook
Name Product_List: tblProductLookup[Product]
Name Slicer_Department: #N/A
Name Slicer_Quality_Status: #N/A
Name Slicer_Shift: #N/A

Sheet Dashboard
A1: MANUFACTURING PERFORMANCE DASHBOARD
A2: Production, Quality and Operational Performance Analysis
B4: Total Production Target | E4: Total Actual Production | H4: Overall Achievement % | K4: Total Defects | N4: Total Production Records
C6: =GETPIVOTDATA("Total Production_Target",Pivot_Analysis!$A$3) -> 236926 | F6: =GETPIVOTDATA("Total Actual_Production",Pivot_Analysis!$A$3) -> 221060 | I6: =Pivot_Analysis!D10 -> 0.93303394 | L6: =GETPIVOTDATA("Total Defects",Pivot_Analysis!$A$66) -> 10542 | O6: =GETPIVOTDATA("Production_ID",Pivot_Analysis!$A$49) -> 1195
C7: Units | F7: Units | H7: Achievement Rate | L7: Units | O7: Records
B9: 1. Department-wise Production Performance | I9: 2. Monthly Production Trend | M9: 5. Shift wise analysis
B21: 3. Quality Status Distribution | I21: 4. Product Performance
M23: MANAGEMENT INSIGHTS
M25: Best Achievement : | N25: =_xlfn.XLOOKUP(MAX(Pivot_Analysis!D4:D9),Pivot_Analysis!D4:D9,Pivot_Analysis!A4:A9) -> Machining | O25: =MAX(Pivot_Analysis!D4:D9) -> 0.93770612
M27: Highest Rejection Rate | N27: =_xlfn.XLOOKUP(MAX(Formula_Analysis!G35:G40),Formula_Analysis!G35:G40,Formula_Analysis!A35:A40)&" - "&TEXT(MAX(Formula_Analysis!G35:G40),"0.0%") -> Sheet Metal - 25.1%
M29: Highest Average Downtime | N29: =_xlfn.XLOOKUP(MAX(Formula_Analysis!B24:B29),Formula_Analysis!B24:B29,Formula_Analysis!A24:A29)&" - "&TEXT(MAX(Formula_Analysis!B24:B29),"0.00")&" Hours" -> Machining - 4.74 Hours
M31: Quality Performance | N31: =_xlfn.XLOOKUP(MAX(Formula_Analysis!H35:H40),Formula_Analysis!H35:H40,Formula_Analysis!A35:A40)&" - "&TEXT(MAX(Formula_Analysis!H35:H40),"0.0%") -> Machining - 62.8%

Sheet Raw_Data
A1: Production_ID | B1: Production_Date | C1: Product | D1: Department | E1: Machine | F1: Operator_ID | G1: Shift | H1: Production_Target | I1: Actual_Production | J1: Defects | K1: Downtime_Hours | L1: Material_Cost | M1: Labour_Hours | N1: Labour_Cost | O1: Order_Quantity | P1: Due_Date | Q1: Actual_Delivery_Date | R1: Quality_Status | S1: Customer
A2: PRD-00001 | B2: 46186 | C2: Composite Panel B | D2: Composite | E2: Autoclave-01 | F2: OP-008 | G2: Night | H2: 269 | I2: 225 | J2: 5 | K2: 6.6 | L2: 85638.51 | M2: 4.52 | N2: 108.48 | O2: 237 | P2: 46188 | Q2: 46187 | R2: Passed | S2: Precision Air
A3: PRD-00002 | B3: 46029 | C3: Machined Housing | D3: Machining | E3: CNC-04 | F3: OP-007 | G3: Evening | H3: 246 | I3: 251 | J3: 10 | K3: 4 | L3: 58016.75 | M3: 9.09 | N3: 181.8 | O3: 314 | P3: 46036 | Q3: 46036 | R3: Passed | S3: AeroTech UK
A4: PRD-00003 | B4: 46046 | C4: Repair Component | D4: Spares & Repairs | E4: Repair-01 | F4: OP-029 | G4: Evening | H4: 171 | I4: 185 | J4: 10 | K4: 7.3 | L4: 18621.51 | M4: 7.65 | N4: 183.6 | O4: 151 | P4: 46056 | Q4: 46056 | R4: Rejected | S4: Precision Air
A5: PRD-00004 | B5: 46072 | C5: Composite Panel B | D5: Composite | E5: Autoclave-01 | F5: OP-022 | G5: Evening | H5: 249 | I5: 203 | J5: 6 | K5: 0.7 | L5: 53070.63 | M5: 5.01 | N5: 110.22 | O5: 250 | P5: 46079 | Q5: 46080 | R5: Passed | S5: AeroTech UK
A6: PRD-00005 | B6: 46178 | C6: Sheet Metal Bracket | D6: Sheet Metal | E6: Bender-01 | F6: OP-013 | G6: Evening | H6: 266 | I6: 219 | J6: 10 | K6: 2.4 | L6: 31161.32 | M6: 5.1 | N6: 112.2 | O6: 240 | P6: 46183 | Q6: 46181 | R6: Passed | S6: AeroTech UK
A7: PRD-00006 | B7: 46077 | C7: Assembly Kit Y | D7: Assembly | E7: Assembly-01 | F7: OP-013 | G7: Evening | H7: 247 | I7: 230 | J7: 19 | K7: 5.8 | L7: 36223.11 | M7: 8.25 | N7: 214.5 | O7: 274 | P7: 46088 | Q7: 46090 | R7: Rejected | S7: NorthStar Aviation
A8: PRD-00007 | B8: 46058 | C8: Surface Treatment Part | D8: Surface Treatment | E8: Surface-01 | F8: OP-028 | G8: Day | H8: 273 | I8: 202 | J8: 3 | K8: 5.6 | L8: 31230.75 | M8: 3.94 | N8: 94.56 | O8: 352 | P8: 46068 | Q8: 46068 | R8: Rejected | S8: AeroTech UK
A9: PRD-00008 | B9: 46197 | C9: Assembly Kit X | D9: Assembly | E9: Assembly-03 | F9: OP-027 | G9: Night | H9: 167 | I9: 128 | J9: 5 | K9: 4.1 | L9: 28620.28 | M9: 3.11 | N9: 80.86 | O9: 172 | P9: 46207 | Q9: 46206 | R9: Passed | S9: Precision Air
A10: PRD-00009 | B10: 46178 | C10: Machined Housing | D10: Machining | E10: CNC-02 | F10: OP-002 | G10: Day | H10: 175 | I10: 183 | J10: 9 | K10: 7 | L10: 36636.42 | M10: 4.72 | N10: 84.96 | O10: 163 | P10: 46185 | Q10: 46185 | R10: Passed | S10: Precision Air
A11: PRD-00010 | B11: 46043 | C11: Composite Panel B | D11: Composite | E11: CNC-01 | F11: OP-030 | G11: Night | H11: 204 | I11: 218 | J11: 20 | K11: 4.8 | L11: 63700.32 | M11: 8.88 | N11: 177.6 | O11: 231 | P11: 46053 | Q11: 46055 | R11: Passed | S11: NorthStar Aviation
A12: PRD-00011 | B12: 46102 | C12: Repair Component | D12: Spares & Repairs | E12: Repair-02 | F12: OP-008 | G12: Day | H12: 192 | I12: 212 | J12: 9 | K12: 2.2 | L12: 14346.1 | M12: 6.63 | N12: 172.38 | O12: 208 | P12: 46104 | Q12: 46103 | R12: Passed | S12: AeroTech UK
A13: PRD-00012 | B13: 46107 | C13: Composite Panel B | D13: Composite | E13: CNC-01 | F13: OP-004 | G13: Night | H13: 140 | I13: 117 | J13: 5 | K13: 4.9 | L13: 45127.85 | M13: 3.72 | N13: 74.4 | O13: 221 | P13: 46115 | Q13: 46115 | R13: Passed | S13: Global Aero Systems
... A36: PRD-00035 | B36: 46112 | C36: Machined Housing | D36: Machining | E36: CNC-04 | F36: OP-019 | G36: Day | H36: 97 | I36: 102 | J36: 6 | K36: 6.8 | L36: 24910.85 | M36: 1.89 | N36: 37.8 | O36: 118 | P36: 46116 | Q36: 46120 | R36: Passed | S36: Global Aero Systems
A37: PRD-00036 | B37: 46202 | C37: Assembly Kit X | D37: Assembly | E37: Assembly-02 | F37: OP-023 | G37: Day | H37: 122 | I37: 119 | J37: 10 | K37: 6.5 | L37: 20800.9 | M37: 3.03 | N37: 78.78 | O37: 88 | P37: 46208 | Q37: 46210 | R37: Rework
A38: PRD-00037 | B38: 46174 | C38: Machined Housing | D38: Machining | E38: CNC-02 | F38: OP-017 | G38: Night | H38: 258 | I38: 271 | J38: 22 | K38: 5.4 | L38: 60429.22 | M38: 9.97 | N38: 219.34 | O38: 354 | P38: 46182 | Q38: 46183 | R38: Passed | S38: SkyWorks
A39: PRD-00038 | B39: 46026 | C39: Repair Component | D39: Spares & Repairs | E39: Repair-02 | F39: OP-014 | G39: Night | H39: 107 | I39: 96 | J39: 3 | K39: 8 | L39: 7901.83 | M39: 2.13 | N39: 55.38 | O39: 136 | P39: 46037 | Q39: 46041 | R39: Rework | S39: Precision Air
A40: PRD-00039 | B40: 46091 | C40: Assembly Kit Y | D40: Assembly | E40: Assembly-01 | F40: OP-016 | G40: Day | H40: 292 | I40: 327 | J40: 9 | K40: 4.1 | L40: 72639.54 | M40: 11.13 | N40: 244.86 | O40: 259 | P40: 46100 | Q40: 46101 | R40: Passed | S40: SkyWorks
A41: PRD-00040 | B41: 46089 | C41: Assembly Kit Y | D41: Assembly | E41: Assembly-02 | F41: OP-021 | G41: Night | H41: 305 | I41: 297 | J41: 25 | K41: 5 | L41: 54820.07 | M41: 7.07 | N41: 169.68 | O41: 390 | P41: 46099 | Q41: 46099 | R41: Rework | S41: Global Aero Systems
A42: PRD-00041 | B42: 46137 | C42: Composite Panel A | D42: Composite | E42: Autoclave-01 | F42: OP-009 | G42: Evening | H42: 155 | I42: 126 | J42: 8 | K42: 2.8 | L42: 34343.2 | M42: 3.87 | N42: 92.88 | O42: 255 | P42: 46144 | Q42: 46145 | R42: Rework | S42: SkyWorks
A43: PRD-00042 | B43: 46082 | C43: Composite Panel B | D43: Composite | E43: CNC-01 | F43: OP-027 | G43: Day | H43: 129 | I43: 110 | J43: 7 | K43: 8.6 | L43: 34919.08 | M43: 3.93 | N43: 86.46 | O43: 223 | P43: 46093 | Q43: 46093 | R43: Passed | S43: SkyWorks
A44: PRD-00043 | B44: 46081 | C44: Assembly Kit Y | D44: Assembly | E44: Assembly-01 | F44: OP-010 | G44: Evening | H44: 157 | I44: 113 | J44: 5 | K44: 2.5 | L44: 26840.19 | M44: 3.93 | N44: 78.6 | O44: 242 | P44: 46084 | Q44: 46082 | R44: Rejected | S44: Global Aero Systems
A45: PRD-00044 | B45: 46135 | C45: Assembly Kit Y | D45: Assembly | E45: Assembly-01 | F45: OP-008 | G45: Day | H45: 93 | I45: 77 | J45: 6 | K45: 1 | L45: 12963.18 | M45: 2.45 | N45: 44.1 | O45: 91 | P45: 46139 | Q45: 46139 | R45: Passed | S45: Precision Air
A46: PRD-00045 | B46: 46129 | C46: Machined Housing | D46: Machining | E46: CNC-04 | F46: OP-022 | G46: Day | H46: 177 | I46: 161 | J46: 7 | K46: 7.7 | L46: 41041.43 | M46: 5.3 | N46: 137.8 | O46: 162 | P46: 46134 | Q46: 46134 | R46: Passed | S46: NorthStar Aviation
A47: PRD-00046 | B47: 46084 | C47: Sheet Metal Bracket | D47: Sheet Metal | E47: Bender-01 | F47: OP-026 | G47: Night | H47: 99 | I47: 77 | J47: 3 | K47: 6.2 | L47: 7828.07 | M47: 1.92 | N47: 42.24 | O47: 175 | P47: 46087 | Q47: 46087 | R47: Passed | S47: Precision Air
A48: PRD-00047 | B48: 46192 | C48: Machined Housing | D48: Machining | E48: CNC-03 | F48: OP-023 | G48: Evening | H48: 109 | I48: 104 | J48: 6 | K48: 8.2 | L48: 23521.31 | M48: 2.29 | N48: 50.38 | O48: 142 | P48: 46201 | Q48: 46200 | R48: Rework | S48: Global Aero Systems
A49: PRD-00048 | B49: 46092 | C49: Surface Treatment Part | D49: Surface Treatment | E49: Surface-02 | F49: OP-002 | G49: Day | H49: 100 | I49: 97 | J49: 8 | K49: 6.6 | L49: 12551.48 | M49: 2.28 | N49: 59.28 | O49: 65 | P49: 46104 | Q49: 46104 | R49: Rejected | S49: Global Aero Systems
... A94: PRD-00093 | B94: 46186 | C94: Surface Treatment Part | D94: Surface Treatment | E94: Surface-01 | F94: OP-019 | G94: Evening | H94: 108 | I94: 116 | J94: 5 | K94: 4.8 | L94: 17709.61 | M94: 4.09 | N94: 89.98 | O94: 177 | P94: 46188 | Q94: 46189 | R94: Passed | S94: NorthStar Aviation
A95: PRD-00094 | B95: 46193 | C95: Composite Panel B | D95: Composite | E95: CNC-01 | F95: OP-009 | G95: Night | H95: 172 | J95: 6 | K95: 4.6 | L95: 49446.78 | M95: 3.5 | N95: 84 | O95: 143 | P95: 46205 | Q95: 46207 | R95: Passed | S95: AeroTech UK
A96: PRD-00095 | B96: 46114 | C96: Composite Panel B | D96: Composite | E96: Autoclave-02 | F96: OP-023 | G96: Evening | H96: 141 | I96: 145 | J96: 8 | K96: 6.9 | L96: 48650.32 | M96: 2.76 | N96: 71.76 | O96: 187 | P96: 46126 | Q96: 46126 | R96: Rework | S96: NorthStar Aviation
A97: PRD-00096 | B97: 46057 | C97: Composite Panel B | D97: Composite | E97: CNC-01 | F97: OP-002 | G97: Night | H97: 278 | I97: 312 | J97: 2 | K97: 1.8 | L97: 123159.7 | M97: 7.98 | N97: 175.56 | O97: 369 | P97: 46065 | Q97: 46069 | R97: Passed | S97: NorthStar Aviation
A98: PRD-00097 | B98: 46096 | C98: Assembly Kit Y | D98: Assembly | E98: Assembly-01 | F98: OP-012 | G98: Night | H98: 301 | I98: 301 | J98: 8 | K98: 7.2 | L98: 57266.04 | M98: 8.59 | N98: 206.16 | O98: 347 | P98: 46100 | Q98: 46104 | R98: Rework | S98: SkyWorks
A99: PRD-00098 | B99: 46044 | C99: Repair Component | D99: Spares & Repairs | E99: Repair-01 | F99: OP-023 | G99: Evening | H99: 190 | I99: 186 | J99: 14 | K99: 4.9 | L99: 14222.24 | M99: 6.3 | N99: 138.6 | O99: 264 | P99: 46055 | Q99: 46057 | R99: Passed | S99: SkyWorks
A100: PRD-00099 | B100: 46137 | C100: Composite Panel A | D100: Composite | E100: CNC-01 | F100: OP-005 | G100: Night | H100: 302 | I100: 335 | J100: 20 | K100: 3.9 | L100: 101152.3 | M100: 6.49 | N100: 155.76 | O100: 355 | P100: 46147 | Q100: 46147 | R100: Passed | S100: Global Aero Systems
A101: PRD-00100 | B101: 46031 | C101: Sheet Metal Bracket | D101: Sheet Metal | E101: Press-01 | F101: OP-005 | G101: Night | H101: 140 | I101: 147 | J101: 5 | K101: 3.4 | L101: 18184.5 | M101: 5.04 | N101: 110.88 | O101: 195 | P101: 46040 | Q101: 46039 | R101: Rejected | S101: SkyWorks
A102: PRD-00101 | B102: 46124 | C102: Assembly Kit Y | D102: Assembly | E102: Assembly-03 | F102: OP-010 | G102: Night | H102: 151 | I102: 124 | J102: 1 | K102: 6.6 | L102: 24044.4 | M102: 3.9 | N102: 85.8 | O102: 177 | P102: 46133 | Q102: 46133 | R102: Rejected | S102: Global Aero Systems
A103: PRD-00102 | B103: 46074 | C103: Composite Panel B | D103: Composite | E103: Autoclave-01 | F103: OP-028 | G103: Day | H103: 298 | I103: 224 | J103: 4 | K103: 6.4 | L103: 92638.49 | M103: 9.23 | N103: 203.06 | O103: 346 | P103: 46077 | Q103: 46077 | R103: Passed | S103: NorthStar Aviation
A104: PRD-00103 | B104: 46115 | C104: Machined Housing | D104: Machining | E104: CNC-02 | F104: OP-010 | G104: Evening | H104: 131 | I104: 138 | J104: 3 | K104: 4.4 | L104: 30546.88 | M104: 4.03 | N104: 104.78 | O104: 124 | P104: 46126 | Q104: 46125 | R104: Passed | S104: Global Aero Systems
A105: PRD-00104 | B105: 46157 | C105: Repair Component | D105: Spares & Repairs | E105: Repair-02 | F105: OP-030 | G105: Day | H105: 290 | I105: 280 | J105: 4 | K105: 2.9 | L105: 21629.09 | M105: 8.52 | N105: 170.4 | O105: 296 | P105: 46161 | Q105: 46163 | R105: Rejected | S105: AeroTech UK
A106: PRD-00105 | B106: 46155 | C106: Sheet Metal Bracket | D106: Sheet Metal | E106: Laser-01 | F106: OP-021 | G106: Evening | H106: 122 | I106: 96 | J106: 8 | K106: 2 | L106: 13160.6 | M106: 2.38 | N106: 42.84 | O106: 146 | P106: 46160 | Q106: 46160 | R106: Passed | S106: Precision Air
A107: PRD-00106 | B107: 46159 | C107: Composite Panel B | D107: Composite | E107: CNC-01 | F107: OP-021 | G107: Night | H107: 244 | I107: 193 | J107: 17 | K107: 1.4 | L107: 69977.55 | M107: 6.28 | N107: 163.28 | O107: 214 | P107: 46161 | Q107: 46160 | R107: Passed | S107: SkyWorks
... A131: PRD-00130 | B131: 46140 | C131: Assembly Kit Y | D131: Assembly | E131: Assembly-01 | F131: OP-020 | G131: Day | H131: 150 | I131: 120 | J131: 10 | K131: 6.9 | L131: 20816.92 | M131: 3.93 | N131: 70.74 | O131: 171 | P131: 46145 | Q131: 46144 | R131: Passed | S131: Global Aero Systems
A132: PRD-00131 | B132: 46176 | C132: Composite Panel A | D132: Composite | E132: Autoclave-01 | F132: OP-020 | G132: Night | H132: 269 | I132: 198 | J132: 8 | K132: 4.9 | L132: 61902.75 | M132: 4.23 | N132: 93.06 | O132: 288 | P132: 46187 | Q132: 46188 | R132: Rejected
A133: PRD-00132 | B133: 46083 | C133: Assembly Kit X | D133: Assembly | E133: Assembly-01 | F133: OP-012 | G133: Night | H133: 249 | I133: 235 | J133: 9 | K133: 2.5 | L133: 42902.43 | M133: 8.38 | N133: 167.6 | O133: 318 | P133: 46093 | Q133: 46097 | R133: Passed | S133: Global Aero Systems
A134: PRD-00133 | B134: 46157 | C134: Assembly Kit Y | D134: Assembly | E134: Assembly-03 | F134: OP-018 | G134: Night | H134: 186 | I134: 166 | J134: 5 | K134: 1.7 | L134: 31323.47 | M134: 3.89 | N134: 77.8 | O134: 264 | P134: 46159 | Q134: 46161 | R134: Rework | S134: NorthStar Aviation
A135: PRD-00134 | B135: 46122 | C135: Machined Housing | D135: Machining | E135: CNC-03 | F135: OP-007 | G135: Night | H135: 132 | I135: 113 | J135: 1 | K135: 4 | L135: 24867.9 | M135: 4.28 | N135: 77.04 | O135: 160 | P135: 46130 | Q135: 46128 | R135: Passed | S135: Precision Air
A136: PRD-00135 | B136: 46078 | C136: Surface Treatment Part | D136: Surface Treatment | E136: Surface-01 | F136: OP-030 | G136: Day | H136: 302 | I136: 335 | J136: 10 | K136: 8.2 | L136: 39337.49 | M136: 11.99 | N136: 287.76 | O136: 324 | P136: 46089 | Q136: 46089 | R136: Rework | S136: Precision Air
A137: PRD-00136 | B137: 46105 | C137: Assembly Kit X | D137: Assembly | E137: Assembly-02 | F137: OP-014 | G137: Day | H137: 199 | I137: 188 | J137: 7 | K137: 2.4 | L137: 32956.93 | M137: 3.83 | N137: 91.92 | O137: 240 | P137: 46110 | Q137: 46111 | R137: Passed | S137: Precision Air
A138: PRD-00137 | B138: 46079 | C138: Sheet Metal Bracket | D138: Sheet Metal | E138: Press-01 | F138: OP-025 | G138: Evening | H138: 146 | I138: 139 | J138: 8 | K138: 6.5 | L138: 13894.88 | M138: 3.27 | N138: 85.02 | O138: 168 | P138: 46088 | Q138: 46089 | R138: Passed | S138: Global Aero Systems
A139: PRD-00138 | B139: 46140 | C139: Sheet Metal Bracket | D139: Sheet Metal | E139: Bender-01 | F139: OP-025 | G139: Day | H139: 283 | I139: 246 | J139: 4 | K139: 4.9 | L139: 28281.57 | M139: 10.27 | N139: 184.86 | O139: 377 | P139: 46142 | Q139: 46141 | R139: Passed | S139: Global Aero Systems
A140: PRD-00139 | B140: 46058 | C140: Machined Housing | D140: Machining | E140: CNC-02 | F140: OP-018 | G140: Evening | H140: 261 | I140: 204 | J140: 5 | K140: 4.1 | L140: 40702.49 | M140: 8.24 | N140: 197.76 | O140: 345 | P140: 46060 | Q140: 46058 | R140: Rejected | S140: AeroTech UK
A141: PRD-00140 | B141: 46027 | C141: Assembly Kit X | D141: Assembly | E141: Assembly-03 | F141: OP-020 | G141: Night | H141: 153 | I141: 111 | J141: 8 | K141: 6.1 | L141: 23880.61 | M141: 2.28 | N141: 41.04 | O141: 247 | P141: 46031 | Q141: 46031 | R141: Passed | S141: SkyWorks
A142: PRD-00141 | B142: 46113 | C142: Assembly Kit X | D142: Assembly | E142: Assembly-02 | F142: OP-013 | G142: Night | H142: 100 | I142: 88 | J142: 3 | K142: 5.1 | L142: 16752.16 | M142: 3.03 | N142: 54.54 | O142: 68 | P142: 46116 | Q142: 46118 | R142: Rework | S142: Global Aero Systems
A143: PRD-00142 | B143: 46037 | C143: Composite Panel A | D143: Composite | E143: CNC-01 | F143: OP-016 | G143: Evening | H143: 123 | I143: 92 | J143: 7 | K143: 5.8 | L143: 25991.02 | M143: 3.81 | N143: 99.06 | O143: 93 | P143: 46042 | Q143: 46042 | R143: Rejected | S143: AeroTech UK
A144: PRD-00143 | B144: 46042 | C144: Assembly Kit X | D144: Assembly | E144: Assembly-03 | F144: OP-008 | G144: Night | H144: 224 | I144: 224 | J144: 4 | K144: 7.7 | L144: 29763.68 | M144: 4.81 | N144: 115.44 | O144: 203 | P144: 46048 | Q144: 46048 | R144: Rejected | S144: Global Aero Systems
... A154: PRD-00153 | B154: 46065 | C154: Composite Panel A | D154: Composite | E154: CNC-01 | F154: OP-012 | G154: Evening | H154: 245 | I154: 247 | J154: 10 | K154: 6.8 | L154: 75487.26 | M154: 4.51 | N154: 99.22 | O154: 261 | P154: 46075 | Q154: 46075 | R154: Rework | S154: Global Aero Systems
A155: PRD-00154 | B155: 46196 | C155: Sheet Metal Bracket | D155: Sheet Metal | E155: Laser-01 | F155: OP-017 | G155: Evening | H155: 86 | I155: 79 | J155: 2 | K155: 8.3 | L155: 8597.32 | M155: 2.81 | N155: 61.82 | O155: 129 | P155: 46203 | Q155: 46207 | R155: Passed
A156: PRD-00155 | B156: 46144 | C156: Composite Panel B | D156: Composite | E156: Autoclave-02 | F156: OP-006 | G156: Evening | H156: 264 | I156: 269 | J156: 9 | K156: 2.7 | L156: 86864.05 | M156: 10.32 | N156: 185.76 | O156: 266 | P156: 46149 | Q156: 46149 | R156: Rejected | S156: Precision Air
A157: PRD-00156 | B157: 46132 | C157: Surface Treatment Part | D157: Surface Treatment | E157: Surface-01 | F157: OP-001 | G157: Night | H157: 284 | I157: 253 | J157: 5 | K157: 5.8 | L157: 30819.43 | M157: 8.28 | N157: 165.6 | O157: 359 | P157: 46143 | Q157: 46145 | R157: Rework | S157: NorthStar Aviation
A158: PRD-00157 | B158: 46075 | C158: Assembly Kit X | D158: Assembly | E158: Assembly-03 | F158: OP-021 | G158: Evening | H158: 287 | I158: 304 | J158: 17 | K158: 7.2 | L158: 51858.31 | M158: 6.91 | N158: 124.38 | O158: 314 | P158: 46087 | Q158: 46091 | R158: Rejected | S158: Precision Air
A159: PRD-00158 | B159: 46122 | C159: Repair Component | D159: Spares & Repairs | E159: Repair-01 | F159: OP-004 | G159: Day | H159: 169 | I159: 147 | J159: 6 | K159: 1.6 | L159: 15538.22 | M159: 5.89 | N159: 153.14 | O159: 150 | P159: 46134 | Q159: 46134 | R159: Passed | S159: SkyWorks
A160: PRD-00159 | B160: 46052 | C160: Sheet Metal Bracket | D160: Sheet Metal | E160: Laser-01 | F160: OP-010 | G160: Day | H160: 257 | I160: 200 | J160: 7 | K160: 5.4 | L160: 23630.6 | M160: 5.94 | N160: 154.44 | O160: 261 | P160: 46062 | Q160: 46062 | R160: Rework | S160: NorthStar Aviation
A161: PRD-00160 | B161: 46103 | C161: Surface Treatment Part | D161: Surface Treatment | E161: Surface-01 | F161: OP-023 | G161: Evening | H161: 301 | I161: 263 | J161: 1 | K161: 1.2 | L161: 47035.67 | M161: 7.92 | N161: 190.08 | O161: 365 | P161: 46115 | Q161: 46119 | R161: Rework | S161: Global Aero Systems
A162: PRD-00161 | B162: 46065 | C162: Composite Panel B | D162: Composite | E162: CNC-01 | F162: OP-004 | G162: Evening | H162: 87 | I162: 92 | J162: 2 | K162: 0.3 | L162: 25324.22 | M162: 3.38 | N162: 87.88 | O162: 176 | P162: 46075 | Q162: 46074 | R162: Rejected | S162: Precision Air
A163: PRD-00162 | B163: 46116 | C163: Composite Panel A | D163: Composite | E163: CNC-01 | F163: OP-015 | G163: Day | H163: 192 | I163: 183 | J163: 17 | K163: 0.9 | L163: 58279.88 | M163: 4.6 | N163: 82.8 | O163: 267 | P163: 46122 | Q163: 46123 | R163: Passed | S163: NorthStar Aviation
A164: PRD-00163 | B164: 46076 | C164: Assembly Kit Y | D164: Assembly | E164: Assembly-03 | F164: OP-023 | G164: Evening | H164: 236 | I164: 234 | J164: 4 | K164: 1.3 | L164: 38578 | M164: 4.55 | N164: 100.1 | O164: 332 | P164: 46082 | Q164: 46082 | R164: Passed | S164: SkyWorks
A165: PRD-00164 | B165: 46169 | C165: Assembly Kit X | D165: Assembly | E165: Assembly-03 | F165: OP-027 | G165: Day | H165: 310 | I165: 313 | J165: 4 | K165: 8.7 | L165: 67037.06 | M165: 13.09 | N165: 261.8 | O165: 303 | P165: 46174 | Q165: 46174 | R165: Passed | S165: Global Aero Systems
A166: PRD-00165 | B166: 46148 | C166: Sheet Metal Bracket | D166: Sheet Metal | E166: Bender-01 | F166: OP-011 | G166: Night | H166: 241 | I166: 201 | J166: 8 | K166: 4.1 | L166: 27266.91 | M166: 4.07 | N166: 105.82 | O166: 272 | P166: 46155 | Q166: 46159 | R166: Rework | S166: AeroTech UK
A167: PRD-00166 | B167: 46046 | C167: Surface Treatment Part | D167: Surface Treatment | E167: Surface-02 | F167: OP-028 | G167: Evening | H167: 297 | I167: 221 | J167: 11 | K167: 2 | L167: 28401.52 | M167: 5.4 | N167: 118.8 | O167: 343 | P167: 46056 | Q167: 46056 | R167: Rejected | S167: SkyWorks
... A229: PRD-00228 | B229: 46128 | C229: Surface Treatment Part | D229: Surface Treatment | E229: Surface-01 | F229: OP-017 | G229: Night | H229: 96 | I229: 79 | J229: 2 | K229: 6.3 | L229: 12870.3 | M229: 2.52 | N229: 65.52 | O229: 113 | P229: 46140 | Q229: 46141 | R229: Rejected | S229: Precision Air
A230: PRD-00229 | B230: 46047 | C230: Repair Component | D230: Spares & Repairs | E230: Repair-01 | G230: Evening | H230: 203 | I230: 176 | J230: 11 | K230: 3.5 | L230: 18467.09 | M230: 7.34 | N230: 132.12 | O230: 165 | P230: 46059 | Q230: 46059 | R230: Rejected | S230: Global Aero Systems
A231: PRD-00230 | B231: 46065 | C231: Composite Panel B | D231: composite | E231: Autoclave-02 | F231: OP-015 | G231: Day | H231: 162 | I231: 133 | J231: 12 | K231: 0.5 | L231: 40259.99 | M231: 3.68 | N231: 73.6 | O231: 142 | P231: 46074 | Q231: 46078 | R231: Rejected | S231: Global Aero Systems
A232: PRD-00231 | B232: 46137 | C232: Assembly Kit Y | D232: Assembly | E232: Assembly-01 | F232: OP-011 | G232: Evening | H232: 207 | I232: 215 | J232: 1 | K232: 3.6 | L232: 36289.98 | M232: 8.13 | N232: 211.38 | O232: 244 | P232: 46147 | Q232: 46147 | S232: AeroTech UK
A233: PRD-00232 | B233: 46080 | C233: Surface Treatment Part | D233: Surface Treatment | E233: Surface-02 | F233: OP-018 | G233: Night | H233: 223 | I233: 234 | J233: 13 | K233: 6.4 | L233: 31383.44 | M233: 4.76 | N233: 95.2 | O233: 183 | P233: 46087 | Q233: 46088 | R233: Passed | S233: SkyWorks
A234: PRD-00233 | B234: 46202 | C234: Composite Panel B | D234: Composite | E234: Autoclave-01 | F234: OP-027 | G234: Day | H234: 309 | I234: 244 | J234: 4 | K234: 6.5 | L234: 76344.25 | M234: 7.97 | N234: 159.4 | O234: 299 | P234: 46210 | Q234: 46210 | R234: Rework | S234: SkyWorks
A235: PRD-00234 | B235: 46050 | C235: Repair Component | D235: Spares & Repairs | E235: Repair-01 | F235: OP-024 | G235: Day | H235: 317 | I235: 314 | J235: 20 | K235: 1.1 | L235: 32612.65 | M235: 10.09 | N235: 262.34 | O235: 311 | P235: 46059 | Q235: 46057 | R235: Rejected | S235: Precision Air
A236: PRD-00235 | B236: 46133 | C236: Surface Treatment Part | D236: Surface Treatment | E236: Surface-01 | F236: OP-013 | G236: Evening | H236: 257 | I236: 248 | J236: 17 | K236: 1.2 | L236: 34911.88 | M236: 9.72 | N236: 252.72 | O236: 315 | P236: 46141 | Q236: 46141 | R236: Passed | S236: SkyWorks
A237: PRD-00236 | B237: 46138 | C237: Sheet Metal Bracket | D237: Sheet Metal | E237: Press-01 | F237: OP-023 | G237: Evening | H237: 185 | I237: 181 | J237: 15 | K237: 4.6 | L237: 24194.84 | M237: 4.62 | N237: 120.12 | O237: 200 | P237: 46143 | Q237: 46143 | R237: Rejected | S237: SkyWorks
A238: PRD-00237 | B238: 46195 | C238: Sheet Metal Bracket | D238: Sheet Metal | E238: Bender-01 | F238: OP-010 | G238: Evening | H238: 246 | I238: 280 | J238: 5 | K238: 4.9 | L238: 36457.47 | M238: 10.15 | N238: 263.9 | O238: 328 | P238: 46206 | Q238: 46208 | R238: Rejected | S238: AeroTech UK
A239: PRD-00238 | B239: 46156 | C239: Composite Panel B | D239: Composite | E239: Autoclave-01 | F239: OP-025 | G239: Night | H239: 177 | I239: 138 | J239: 9 | K239: 1.8 | L239: 44294.34 | M239: 3.43 | N239: 75.46 | O239: 174 | P239: 46158 | Q239: 46158 | R239: Passed | S239: AeroTech UK
A240: PRD-00239 | B240: 46114 | C240: Surface Treatment Part | D240: Surface Treatment | E240: Surface-01 | F240: OP-026 | G240: Night | H240: 237 | I240: 259 | J240: 18 | K240: 7.8 | L240: 40893.93 | M240: 6.14 | N240: 135.08 | O240: 209 | P240: 46122 | Q240: 46124 | R240: Rework | S240: SkyWorks
A241: PRD-00240 | B241: 46164 | C241: Composite Panel A | D241: Composite | E241: Autoclave-01 | F241: OP-010 | G241: Evening | H241: 270 | I241: 223 | J241: 13 | K241: 7 | L241: 73352.71 | M241: 8.89 | N241: 195.58 | O241: 369 | P241: 46175 | Q241: 46175 | R241: Passed | S241: NorthStar Aviation
A242: PRD-00241 | B242: 46197 | C242: Composite Panel B | D242: Composite | E242: Autoclave-01 | F242: OP-002 | G242: Day | H242: 124 | I242: 128 | J242: 2 | K242: 0.4 | L242: 35748.17 | M242: 2.8 | N242: 61.6 | O242: 85 | P242: 46204 | Q242: 46208 | R242: Passed | S242: SkyWorks
A243: PRD-00242 | B243: 46175 | C243: Composite Panel A | D243: Composite | E243: CNC-01 | F243: OP-006 | G243: Evening | H243: 237 | I243: 256 | J243: 8 | K243: 7.1 | L243: 61560.06 | M243: 8.96 | N243: 232.96 | O243: 253 | P243: 46179 | Q243: 46178 | R243: Rejected | S243: Precision Air
A244: PRD-00243 | B244: 46160 | C244: Repair Component | D244: Spares & Repairs | E244: Repair-01 | F244: OP-022 | G244: Evening | H244: 169 | I244: 137 | J244: 3 | K244: 3 | L244: 11078.96 | M244: 4.94 | N244: 128.44 | O244: 250 | P244: 46170 | Q244: 46168 | R244: Passed | S244: Global Aero Systems
... A289: PRD-00288 | B289: 46057 | C289: Assembly Kit X | D289: Assembly | E289: Assembly-01 | F289: OP-009 | G289: Day | H289: 243 | I289: 222 | J289: 10 | K289: 6.3 | L289: 36798.96 | M289: 4.81 | N289: 125.06 | O289: 208 | P289: 46061 | Q289: 46060 | R289: Passed | S289: Global Aero Systems
A290: PRD-00289 | B290: 46025 | C290: Machined Housing | D290: Machining | E290: CNC-02 | G290: Evening | H290: 118 | I290: 85 | J290: 2 | K290: 3.8 | L290: 21420.49 | M290: 2.29 | N290: 41.22 | O290: 162 | P290: 46028 | Q290: 46028 | R290: Passed | S290: AeroTech UK
A291: PRD-00290 | B291: 46162 | C291: Surface Treatment Part | D291: Surface Treatment | E291: Surface-01 | F291: OP-015 | G291: Night | H291: 129 | I291: 142 | J291: 3 | K291: 3.4 | L291: 18853.99 | M291: 4.99 | N291: 119.76 | O291: 202 | P291: 46167 | Q291: 46165 | R291: Passed | S291: AeroTech UK
A292: PRD-00291 | B292: 46156 | C292: Machined Housing | D292: Machining | E292: CNC-03 | F292: OP-007 | G292: Evening | H292: 179 | I292: 181 | J292: 5 | K292: 2.9 | L292: 37993.47 | M292: 7.33 | N292: 190.58 | O292: 170 | P292: 46162 | Q292: 46166 | R292: Passed | S292: AeroTech UK
A293: PRD-00292 | B293: 46193 | C293: Machined Housing | D293: Machining | E293: CNC-02 | F293: OP-005 | G293: Evening | H293: 140 | I293: 138 | J293: 4 | K293: 1.5 | L293: 26050.64 | M293: 5.1 | N293: 91.8 | O293: 110 | P293: 46204 | Q293: 46208 | R293: Rejected | S293: AeroTech UK
A294: PRD-00293 | B294: 46086 | C294: Sheet Metal Bracket | D294: Sheet Metal | E294: Laser-01 | F294: OP-008 | G294: Evening | H294: 103 | I294: 104 | J294: 3 | K294: 8.7 | L294: 11785.57 | M294: 2.76 | N294: 55.2 | O294: 200 | P294: 46089 | Q294: 46089 | R294: Rework | S294: Precision Air
A295: PRD-00294 | B295: 46188 | C295: Assembly Kit Y | D295: Assembly | E295: Assembly-02 | F295: OP-019 | G295: Day | H295: 267 | I295: 214 | J295: 14 | K295: 3.2 | L295: 41144.41 | M295: 6.34 | N295: 152.16 | O295: 302 | P295: 46198 | Q295: 46202 | R295: Passed | S295: Precision Air
A296: PRD-00295 | B296: 46112 | C296: Assembly Kit Y | D296: Assembly | E296: Assembly-03 | F296: OP-001 | G296: Night | H296: 199 | I296: 166 | J296: 13 | K296: 8.2 | L296: 29948.25 | M296: 3.61 | N296: 79.42 | O296: 226 | P296: 46122 | Q296: 46123 | R296: Rework | S296: Precision Air
A297: PRD-00296 | B297: 46120 | C297: Sheet Metal Bracket | D297: Sheet Metal | E297: Press-01 | F297: OP-005 | G297: Night | H297: 238 | I297: 259 | J297: 19 | K297: 2.1 | L297: 34238.7 | M297: 8.01 | N297: 192.24 | O297: 246 | P297: 46130 | Q297: 46134 | R297: Rejected | S297: SkyWorks
A298: PRD-00297 | B298: 46105 | C298: Repair Component | D298: Spares & Repairs | E298: Repair-02 | G298: Night | H298: 108 | I298: 82 | J298: 5 | K298: 0.4 | L298: 7988.17 | M298: 1.54 | N298: 27.72 | O298: 192 | P298: 46110 | Q298: 46109 | R298: Passed | S298: Global Aero Systems
A299: PRD-00298 | B299: 46191 | C299: Surface Treatment Part | D299: Surface Treatment | E299: Surface-02 | F299: OP-018 | G299: Night | H299: 92 | I299: 80 | J299: 4 | K299: 0.6 | L299: 12170.94 | M299: 2.38 | N299: 42.84 | O299: 171 | P299: 46203 | Q299: 46201 | R299: Passed | S299: Global Aero Systems
A300: PRD-00299 | B300: 46117 | C300: Composite Panel A | D300: Composite | E300: CNC-01 | F300: OP-007 | G300: Night | H300: 148 | I300: 140 | J300: 9 | K300: 7.5 | L300: 29256.38 | M300: 4.27 | N300: 76.86 | O300: 167 | P300: 46127 | Q300: 46129 | R300: Passed | S300: NorthStar Aviation
A301: PRD-00300 | B301: 46168 | C301: Sheet Metal Bracket | D301: Sheet Metal | E301: Bender-01 | F301: OP-013 | G301: Night | H301: 271 | I301: 260 | J301: 18 | K301: 6.9 | L301: 32851.52 | M301: 9.06 | N301: 217.44 | O301: 257 | P301: 46172 | Q301: 46172 | R301: Rejected | S301: SkyWorks
A302: PRD-00301 | B302: 46191 | C302: Sheet Metal Bracket | D302: Sheet Metal | E302: Bender-01 | F302: OP-018 | G302: Day | H302: 233 | I302: 212 | J302: 7 | K302: 2.8 | L302: 27935.06 | M302: 5.71 | N302: 137.04 | O302: 275 | P302: 46202 | Q302: 46202 | R302: Rejected | S302: Global Aero Systems
A303: PRD-00302 | B303: 46163 | C303: Assembly Kit X | D303: Assembly | E303: Assembly-02 | F303: OP-028 | G303: Evening | H303: 195 | I303: 177 | J303: 7 | K303: 6.5 | L303: 37212.72 | M303: 5.38 | N303: 118.36 | O303: 156 | P303: 46169 | Q303: 46169 | R303: Passed | S303: AeroTech UK
...

Sheet Clean_Data
A1: Production_ID | B1: Production_Date | C1: Product | D1: Department | E1: Machine | F1: Operator_ID | G1: Shift | H1: Production_Target | I1: Actual_Production | J1: Defects | K1: Downtime_Hours | L1: Material_Cost | M1: Labour_Hours | N1: Labour_Cost | O1: Order_Quantity | P1: Due_Date | Q1: Actual_Delivery_Date | R1: Quality_Status | S1: Customer
A2: PRD-00001 | B2: 46186 | C2: Composite Panel B | D2: Composite | E2: Autoclave-01 | F2: OP-008 | G2: Night | H2: 269 | I2: 225 | J2: 5 | K2: 6.6 | L2: 85638.51 | M2: 4.52 | N2: 108.48 | O2: 237 | P2: 46188 | Q2: 46187 | R2: Passed | S2: Precision Air
A3: PRD-00002 | B3: 46029 | C3: Machined Housing | D3: Machining | E3: CNC-04 | F3: OP-007 | G3: Evening | H3: 246 | I3: 251 | J3: 10 | K3: 4 | L3: 58016.75 | M3: 9.09 | N3: 181.8 | O3: 314 | P3: 46036 | Q3: 46036 | R3: Passed | S3: AeroTech UK
A4: PRD-00003 | B4: 46046 | C4: Repair Component | D4: Spares & Repairs | E4: Repair-01 | F4: OP-029 | G4: Evening | H4: 171 | I4: 185 | J4: 10 | K4: 7.3 | L4: 18621.51 | M4: 7.65 | N4: 183.6 | O4: 151 | P4: 46056 | Q4: 46056 | R4: Rejected | S4: Precision Air
A5: PRD-00004 | B5: 46072 | C5: Composite Panel B | D5: Composite | E5: Autoclave-01 | F5: OP-022 | G5: Evening | H5: 249 | I5: 203 | J5: 6 | K5: 0.7 | L5: 53070.63 | M5: 5.01 | N5: 110.22 | O5: 250 | P5: 46079 | Q5: 46080 | R5: Passed | S5: AeroTech UK
A6: PRD-00005 | B6: 46178 | C6: Sheet Metal Bracket | D6: Sheet Metal | E6: Bender-01 | F6: OP-013 | G6: Evening | H6: 266 | I6: 219 | J6: 10 | K6: 2.4 | L6: 31161.32 | M6: 5.1 | N6: 112.2 | O6: 240 | P6: 46183 | Q6: 46181 | R6: Passed | S6: AeroTech UK
A7: PRD-00006 | B7: 46077 | C7: Assembly Kit Y | D7: Assembly | E7: Assembly-01 | F7: OP-013 | G7: Evening | H7: 247 | I7: 230 | J7: 19 | K7: 5.8 | L7: 36223.11 | M7: 8.25 | N7: 214.5 | O7: 274 | P7: 46088 | Q7: 46090 | R7: Rejected | S7: NorthStar Aviation
A8: PRD-00007 | B8: 46058 | C8: Surface Treatment Part | D8: Surface Treatment | E8: Surface-01 | F8: OP-028 | G8: Day | H8: 273 | I8: 202 | J8: 3 | K8: 5.6 | L8: 31230.75 | M8: 3.94 | N8: 94.56 | O8: 352 | P8: 46068 | Q8: 46068 | R8: Rejected | S8: AeroTech UK
A9: PRD-00008 | B9: 46197 | C9: Assembly Kit X | D9: Assembly | E9: Assembly-03 | F9: OP-027 | G9: Night | H9: 167 | I9: 128 | J9: 5 | K9: 4.1 | L9: 28620.28 | M9: 3.11 | N9: 80.86 | O9: 172 | P9: 46207 | Q9: 46206 | R9: Passed | S9: Precision Air
A10: PRD-00009 | B10: 46178 | C10: Machined Housing | D10: Machining | E10: CNC-02 | F10: OP-002 | G10: Day | H10: 175 | I10: 183 | J10: 9 | K10: 7 | L10: 36636.42 | M10: 4.72 | N10: 84.96 | O10: 163 | P10: 46185 | Q10: 46185 | R10: Passed | S10: Precision Air
A11: PRD-00010 | B11: 46043 | C11: Composite Panel B | D11: Composite | E11: CNC-01 | F11: OP-030 | G11: Night | H11: 204 | I11: 218 | J11: 20 | K11: 4.8 | L11: 63700.32 | M11: 8.88 | N11: 177.6 | O11: 231 | P11: 46053 | Q11: 46055 | R11: Passed | S11: NorthStar Aviation
A12: PRD-00011 | B12: 46102 | C12: Repair Component | D12: Spares & Repairs | E12: Repair-02 | F12: OP-008 | G12: Day | H12: 192 | I12: 212 | J12: 9 | K12: 2.2 | L12: 14346.1 | M12: 6.63 | N12: 172.38 | O12: 208 | P12: 46104 | Q12: 46103 | R12: Passed | S12: AeroTech UK
A13: PRD-00012 | B13: 46107 | C13: Composite Panel B | D13: Composite | E13: CNC-01 | F13: OP-004 | G13: Night | H13: 140 | I13: 117 | J13: 5 | K13: 4.9 | L13: 45127.85 | M13: 3.72 | N13: 74.4 | O13: 221 | P13: 46115 | Q13: 46115 | R13: Passed | S13: Global Aero Systems
... A36: PRD-00035 | B36: 46112 | C36: Machined Housing | D36: Machining | E36: CNC-04 | F36: OP-019 | G36: Day | H36: 97 | I36: 102 | J36: 6 | K36: 6.8 | L36: 24910.85 | M36: 1.89 | N36: 37.8 | O36: 118 | P36: 46116 | Q36: 46120 | R36: Passed | S36: Global Aero Systems
A37: PRD-00036 | B37: 46202 | C37: Assembly Kit X | D37: Assembly | E37: Assembly-02 | F37: OP-023 | G37: Day | H37: 122 | I37: 119 | J37: 10 | K37: 6.5 | L37: 20800.9 | M37: 3.03 | N37: 78.78 | O37: 88 | P37: 46208 | Q37: 46210 | R37: Rework
A38: PRD-00037 | B38: 46174 | C38: Machined Housing | D38: Machining | E38: CNC-02 | F38: OP-017 | G38: Night | H38: 258 | I38: 271 | J38: 22 | K38: 5.4 | L38: 60429.22 | M38: 9.97 | N38: 219.34 | O38: 354 | P38: 46182 | Q38: 46183 | R38: Passed | S38: SkyWorks
A39: PRD-00038 | B39: 46026 | C39: Repair Component | D39: Spares & Repairs | E39: Repair-02 | F39: OP-014 | G39: Night | H39: 107 | I39: 96 | J39: 3 | K39: 8 | L39: 7901.83 | M39: 2.13 | N39: 55.38 | O39: 136 | P39: 46037 | Q39: 46041 | R39: Rework | S39: Precision Air
A40: PRD-00039 | B40: 46091 | C40: Assembly Kit Y | D40: Assembly | E40: Assembly-01 | F40: OP-016 | G40: Day | H40: 292 | I40: 327 | J40: 9 | K40: 4.1 | L40: 72639.54 | M40: 11.13 | N40: 244.86 | O40: 259 | P40: 46100 | Q40: 46101 | R40: Passed | S40: SkyWorks
A41: PRD-00040 | B41: 46089 | C41: Assembly Kit Y | D41: Assembly | E41: Assembly-02 | F41: OP-021 | G41: Night | H41: 305 | I41: 297 | J41: 25 | K41: 5 | L41: 54820.07 | M41: 7.07 | N41: 169.68 | O41: 390 | P41: 46099 | Q41: 46099 | R41: Rework | S41: Global Aero Systems
A42: PRD-00041 | B42: 46137 | C42: Composite Panel A | D42: Composite | E42: Autoclave-01 | F42: OP-009 | G42: Evening | H42: 155 | I42: 126 | J42: 8 | K42: 2.8 | L42: 34343.2 | M42: 3.87 | N42: 92.88 | O42: 255 | P42: 46144 | Q42: 46145 | R42: Rework | S42: SkyWorks
A43: PRD-00042 | B43: 46082 | C43: Composite Panel B | D43: Composite | E43: CNC-01 | F43: OP-027 | G43: Day | H43: 129 | I43: 110 | J43: 7 | K43: 8.6 | L43: 34919.08 | M43: 3.93 | N43: 86.46 | O43: 223 | P43: 46093 | Q43: 46093 | R43: Passed | S43: SkyWorks
A44: PRD-00043 | B44: 46081 | C44: Assembly Kit Y | D44: Assembly | E44: Assembly-01 | F44: OP-010 | G44: Evening | H44: 157 | I44: 113 | J44: 5 | K44: 2.5 | L44: 26840.19 | M44: 3.93 | N44: 78.6 | O44: 242 | P44: 46084 | Q44: 46082 | R44: Rejected | S44: Global Aero Systems
A45: PRD-00044 | B45: 46135 | C45: Assembly Kit Y | D45: Assembly | E45: Assembly-01 | F45: OP-008 | G45: Day | H45: 93 | I45: 77 | J45: 6 | K45: 1 | L45: 12963.18 | M45: 2.45 | N45: 44.1 | O45: 91 | P45: 46139 | Q45: 46139 | R45: Passed | S45: Precision Air
A46: PRD-00045 | B46: 46129 | C46: Machined Housing | D46: Machining | E46: CNC-04 | F46: OP-022 | G46: Day | H46: 177 | I46: 161 | J46: 7 | K46: 7.7 | L46: 41041.43 | M46: 5.3 | N46: 137.8 | O46: 162 | P46: 46134 | Q46: 46134 | R46: Passed | S46: NorthStar Aviation
A47: PRD-00046 | B47: 46084 | C47: Sheet Metal Bracket | D47: Sheet Metal | E47: Bender-01 | F47: OP-026 | G47: Night | H47: 99 | I47: 77 | J47: 3 | K47: 6.2 | L47: 7828.07 | M47: 1.92 | N47: 42.24 | O47: 175 | P47: 46087 | Q47: 46087 | R47: Passed | S47: Precision Air
A48: PRD-00047 | B48: 46192 | C48: Machined Housing | D48: Machining | E48: CNC-03 | F48: OP-023 | G48: Evening | H48: 109 | I48: 104 | J48: 6 | K48: 8.2 | L48: 23521.31 | M48: 2.29 | N48: 50.38 | O48: 142 | P48: 46201 | Q48: 46200 | R48: Rework | S48: Global Aero Systems
A49: PRD-00048 | B49: 46092 | C49: Surface Treatment Part | D49: Surface Treatment | E49: Surface-02 | F49: OP-002 | G49: Day | H49: 100 | I49: 97 | J49: 8 | K49: 6.6 | L49: 12551.48 | M49: 2.28 | N49: 59.28 | O49: 65 | P49: 46104 | Q49: 46104 | R49: Rejected | S49: Global Aero Systems
... A130: PRD-00130 | B130: 46140 | C130: Assembly Kit Y | D130: Assembly | E130: Assembly-01 | F130: OP-020 | G130: Day | H130: 150 | I130: 120 | J130: 10 | K130: 6.9 | L130: 20816.92 | M130: 3.93 | N130: 70.74 | O130: 171 | P130: 46145 | Q130: 46144 | R130: Passed | S130: Global Aero Systems
A131: PRD-00131 | B131: 46176 | C131: Composite Panel A | D131: Composite | E131: Autoclave-01 | F131: OP-020 | G131: Night | H131: 269 | I131: 198 | J131: 8 | K131: 4.9 | L131: 61902.75 | M131: 4.23 | N131: 93.06 | O131: 288 | P131: 46187 | Q131: 46188 | R131: Rejected
A132: PRD-00132 | B132: 46083 | C132: Assembly Kit X | D132: Assembly | E132: Assembly-01 | F132: OP-012 | G132: Night | H132: 249 | I132: 235 | J132: 9 | K132: 2.5 | L132: 42902.43 | M132: 8.38 | N132: 167.6 | O132: 318 | P132: 46093 | Q132: 46097 | R132: Passed | S132: Global Aero Systems
A133: PRD-00133 | B133: 46157 | C133: Assembly Kit Y | D133: Assembly | E133: Assembly-03 | F133: OP-018 | G133: Night | H133: 186 | I133: 166 | J133: 5 | K133: 1.7 | L133: 31323.47 | M133: 3.89 | N133: 77.8 | O133: 264 | P133: 46159 | Q133: 46161 | R133: Rework | S133: NorthStar Aviation
A134: PRD-00134 | B134: 46122 | C134: Machined Housing | D134: Machining | E134: CNC-03 | F134: OP-007 | G134: Night | H134: 132 | I134: 113 | J134: 1 | K134: 4 | L134: 24867.9 | M134: 4.28 | N134: 77.04 | O134: 160 | P134: 46130 | Q134: 46128 | R134: Passed | S134: Precision Air
A135: PRD-00135 | B135: 46078 | C135: Surface Treatment Part | D135: Surface Treatment | E135: Surface-01 | F135: OP-030 | G135: Day | H135: 302 | I135: 335 | J135: 10 | K135: 8.2 | L135: 39337.49 | M135: 11.99 | N135: 287.76 | O135: 324 | P135: 46089 | Q135: 46089 | R135: Rework | S135: Precision Air
A136: PRD-00136 | B136: 46105 | C136: Assembly Kit X | D136: Assembly | E136: Assembly-02 | F136: OP-014 | G136: Day | H136: 199 | I136: 188 | J136: 7 | K136: 2.4 | L136: 32956.93 | M136: 3.83 | N136: 91.92 | O136: 240 | P136: 46110 | Q136: 46111 | R136: Passed | S136: Precision Air
A137: PRD-00137 | B137: 46079 | C137: Sheet Metal Bracket | D137: Sheet Metal | E137: Press-01 | F137: OP-025 | G137: Evening | H137: 146 | I137: 139 | J137: 8 | K137: 6.5 | L137: 13894.88 | M137: 3.27 | N137: 85.02 | O137: 168 | P137: 46088 | Q137: 46089 | R137: Passed | S137: Global Aero Systems
A138: PRD-00138 | B138: 46140 | C138: Sheet Metal Bracket | D138: Sheet Metal | E138: Bender-01 | F138: OP-025 | G138: Day | H138: 283 | I138: 246 | J138: 4 | K138: 4.9 | L138: 28281.57 | M138: 10.27 | N138: 184.86 | O138: 377 | P138: 46142 | Q138: 46141 | R138: Passed | S138: Global Aero Systems
A139: PRD-00139 | B139: 46058 | C139: Machined Housing | D139: Machining | E139: CNC-02 | F139: OP-018 | G139: Evening | H139: 261 | I139: 204 | J139: 5 | K139: 4.1 | L139: 40702.49 | M139: 8.24 | N139: 197.76 | O139: 345 | P139: 46060 | Q139: 46058 | R139: Rejected | S139: AeroTech UK
A140: PRD-00140 | B140: 46027 | C140: Assembly Kit X | D140: Assembly | E140: Assembly-03 | F140: OP-020 | G140: Night | H140: 153 | I140: 111 | J140: 8 | K140: 6.1 | L140: 23880.61 | M140: 2.28 | N140: 41.04 | O140: 247 | P140: 46031 | Q140: 46031 | R140: Passed | S140: SkyWorks
A141: PRD-00141 | B141: 46113 | C141: Assembly Kit X | D141: Assembly | E141: Assembly-02 | F141: OP-013 | G141: Night | H141: 100 | I141: 88 | J141: 3 | K141: 5.1 | L141: 16752.16 | M141: 3.03 | N141: 54.54 | O141: 68 | P141: 46116 | Q141: 46118 | R141: Rework | S141: Global Aero Systems
A142: PRD-00142 | B142: 46037 | C142: Composite Panel A | D142: Composite | E142: CNC-01 | F142: OP-016 | G142: Evening | H142: 123 | I142: 92 | J142: 7 | K142: 5.8 | L142: 25991.02 | M142: 3.81 | N142: 99.06 | O142: 93 | P142: 46042 | Q142: 46042 | R142: Rejected | S142: AeroTech UK
A143: PRD-00143 | B143: 46042 | C143: Assembly Kit X | D143: Assembly | E143: Assembly-03 | F143: OP-008 | G143: Night | H143: 224 | I143: 224 | J143: 4 | K143: 7.7 | L143: 29763.68 | M143: 4.81 | N143: 115.44 | O143: 203 | P143: 46048 | Q143: 46048 | R143: Rejected | S143: Global Aero Systems
... A153: PRD-00153 | B153: 46065 | C153: Composite Panel A | D153: Composite | E153: CNC-01 | F153: OP-012 | G153: Evening | H153: 245 | I153: 247 | J153: 10 | K153: 6.8 | L153: 75487.26 | M153: 4.51 | N153: 99.22 | O153: 261 | P153: 46075 | Q153: 46075 | R153: Rework | S153: Global Aero Systems
A154: PRD-00154 | B154: 46196 | C154: Sheet Metal Bracket | D154: Sheet Metal | E154: Laser-01 | F154: OP-017 | G154: Evening | H154: 86 | I154: 79 | J154: 2 | K154: 8.3 | L154: 8597.32 | M154: 2.81 | N154: 61.82 | O154: 129 | P154: 46203 | Q154: 46207 | R154: Passed
A155: PRD-00155 | B155: 46144 | C155: Composite Panel B | D155: Composite | E155: Autoclave-02 | F155: OP-006 | G155: Evening | H155: 264 | I155: 269 | J155: 9 | K155: 2.7 | L155: 86864.05 | M155: 10.32 | N155: 185.76 | O155: 266 | P155: 46149 | Q155: 46149 | R155: Rejected | S155: Precision Air
A156: PRD-00156 | B156: 46132 | C156: Surface Treatment Part | D156: Surface Treatment | E156: Surface-01 | F156: OP-001 | G156: Night | H156: 284 | I156: 253 | J156: 5 | K156: 5.8 | L156: 30819.43 | M156: 8.28 | N156: 165.6 | O156: 359 | P156: 46143 | Q156: 46145 | R156: Rework | S156: NorthStar Aviation
A157: PRD-00157 | B157: 46075 | C157: Assembly Kit X | D157: Assembly | E157: Assembly-03 | F157: OP-021 | G157: Evening | H157: 287 | I157: 304 | J157: 17 | K157: 7.2 | L157: 51858.31 | M157: 6.91 | N157: 124.38 | O157: 314 | P157: 46087 | Q157: 46091 | R157: Rejected | S157: Precision Air
A158: PRD-00158 | B158: 46122 | C158: Repair Component | D158: Spares & Repairs | E158: Repair-01 | F158: OP-004 | G158: Day | H158: 169 | I158: 147 | J158: 6 | K158: 1.6 | L158: 15538.22 | M158: 5.89 | N158: 153.14 | O158: 150 | P158: 46134 | Q158: 46134 | R158: Passed | S158: SkyWorks
A159: PRD-00159 | B159: 46052 | C159: Sheet Metal Bracket | D159: Sheet Metal | E159: Laser-01 | F159: OP-010 | G159: Day | H159: 257 | I159: 200 | J159: 7 | K159: 5.4 | L159: 23630.6 | M159: 5.94 | N159: 154.44 | O159: 261 | P159: 46062 | Q159: 46062 | R159: Rework | S159: NorthStar Aviation
A160: PRD-00160 | B160: 46103 | C160: Surface Treatment Part | D160: Surface Treatment | E160: Surface-01 | F160: OP-023 | G160: Evening | H160: 301 | I160: 263 | J160: 1 | K160: 1.2 | L160: 47035.67 | M160: 7.92 | N160: 190.08 | O160: 365 | P160: 46115 | Q160: 46119 | R160: Rework | S160: Global Aero Systems
A161: PRD-00161 | B161: 46065 | C161: Composite Panel B | D161: Composite | E161: CNC-01 | F161: OP-004 | G161: Evening | H161: 87 | I161: 92 | J161: 2 | K161: 0.3 | L161: 25324.22 | M161: 3.38 | N161: 87.88 | O161: 176 | P161: 46075 | Q161: 46074 | R161: Rejected | S161: Precision Air
A162: PRD-00162 | B162: 46116 | C162: Composite Panel A | D162: Composite | E162: CNC-01 | F162: OP-015 | G162: Day | H162: 192 | I162: 183 | J162: 17 | K162: 0.9 | L162: 58279.88 | M162: 4.6 | N162: 82.8 | O162: 267 | P162: 46122 | Q162: 46123 | R162: Passed | S162: NorthStar Aviation
A163: PRD-00163 | B163: 46076 | C163: Assembly Kit Y | D163: Assembly | E163: Assembly-03 | F163: OP-023 | G163: Evening | H163: 236 | I163: 234 | J163: 4 | K163: 1.3 | L163: 38578 | M163: 4.55 | N163: 100.1 | O163: 332 | P163: 46082 | Q163: 46082 | R163: Passed | S163: SkyWorks
A164: PRD-00164 | B164: 46169 | C164: Assembly Kit X | D164: Assembly | E164: Assembly-03 | F164: OP-027 | G164: Day | H164: 310 | I164: 313 | J164: 4 | K164: 8.7 | L164: 67037.06 | M164: 13.09 | N164: 261.8 | O164: 303 | P164: 46174 | Q164: 46174 | R164: Passed | S164: Global Aero Systems
A165: PRD-00165 | B165: 46148 | C165: Sheet Metal Bracket | D165: Sheet Metal | E165: Bender-01 | F165: OP-011 | G165: Night | H165: 241 | I165: 201 | J165: 8 | K165: 4.1 | L165: 27266.91 | M165: 4.07 | N165: 105.82 | O165: 272 | P165: 46155 | Q165: 46159 | R165: Rework | S165: AeroTech UK
A166: PRD-00166 | B166: 46046 | C166: Surface Treatment Part | D166: Surface Treatment | E166: Surface-02 | F166: OP-028 | G166: Evening | H166: 297 | I166: 221 | J166: 11 | K166: 2 | L166: 28401.52 | M166: 5.4 | N166: 118.8 | O166: 343 | P166: 46056 | Q166: 46056 | R166: Rejected | S166: SkyWorks
... A228: PRD-00228 | B228: 46128 | C228: Surface Treatment Part | D228: Surface Treatment | E228: Surface-01 | F228: OP-017 | G228: Night | H228: 96 | I228: 79 | J228: 2 | K228: 6.3 | L228: 12870.3 | M228: 2.52 | N228: 65.52 | O228: 113 | P228: 46140 | Q228: 46141 | R228: Rejected | S228: Precision Air
A229: PRD-00229 | B229: 46047 | C229: Repair Component | D229: Spares & Repairs | E229: Repair-01 | G229: Evening | H229: 203 | I229: 176 | J229: 11 | K229: 3.5 | L229: 18467.09 | M229: 7.34 | N229: 132.12 | O229: 165 | P229: 46059 | Q229: 46059 | R229: Rejected | S229: Global Aero Systems
A230: PRD-00230 | B230: 46065 | C230: Composite Panel B | D230: composite | E230: Autoclave-02 | F230: OP-015 | G230: Day | H230: 162 | I230: 133 | J230: 12 | K230: 0.5 | L230: 40259.99 | M230: 3.68 | N230: 73.6 | O230: 142 | P230: 46074 | Q230: 46078 | R230: Rejected | S230: Global Aero Systems
A231: PRD-00231 | B231: 46137 | C231: Assembly Kit Y | D231: Assembly | E231: Assembly-01 | F231: OP-011 | G231: Evening | H231: 207 | I231: 215 | J231: 1 | K231: 3.6 | L231: 36289.98 | M231: 8.13 | N231: 211.38 | O231: 244 | P231: 46147 | Q231: 46147 | R231: Not Recorded | S231: AeroTech UK
A232: PRD-00232 | B232: 46080 | C232: Surface Treatment Part | D232: Surface Treatment | E232: Surface-02 | F232: OP-018 | G232: Night | H232: 223 | I232: 234 | J232: 13 | K232: 6.4 | L232: 31383.44 | M232: 4.76 | N232: 95.2 | O232: 183 | P232: 46087 | Q232: 46088 | R232: Passed | S232: SkyWorks
A233: PRD-00233 | B233: 46202 | C233: Composite Panel B | D233: Composite | E233: Autoclave-01 | F233: OP-027 | G233: Day | H233: 309 | I233: 244 | J233: 4 | K233: 6.5 | L233: 76344.25 | M233: 7.97 | N233: 159.4 | O233: 299 | P233: 46210 | Q233: 46210 | R233: Rework | S233: SkyWorks
A234: PRD-00234 | B234: 46050 | C234: Repair Component | D234: Spares & Repairs | E234: Repair-01 | F234: OP-024 | G234: Day | H234: 317 | I234: 314 | J234: 20 | K234: 1.1 | L234: 32612.65 | M234: 10.09 | N234: 262.34 | O234: 311 | P234: 46059 | Q234: 46057 | R234: Rejected | S234: Precision Air
A235: PRD-00235 | B235: 46133 | C235: Surface Treatment Part | D235: Surface Treatment | E235: Surface-01 | F235: OP-013 | G235: Evening | H235: 257 | I235: 248 | J235: 17 | K235: 1.2 | L235: 34911.88 | M235: 9.72 | N235: 252.72 | O235: 315 | P235: 46141 | Q235: 46141 | R235: Passed | S235: SkyWorks
A236: PRD-00236 | B236: 46138 | C236: Sheet Metal Bracket | D236: Sheet Metal | E236: Press-01 | F236: OP-023 | G236: Evening | H236: 185 | I236: 181 | J236: 15 | K236: 4.6 | L236: 24194.84 | M236: 4.62 | N236: 120.12 | O236: 200 | P236: 46143 | Q236: 46143 | R236: Rejected | S236: SkyWorks
A237: PRD-00237 | B237: 46195 | C237: Sheet Metal Bracket | D237: Sheet Metal | E237: Bender-01 | F237: OP-010 | G237: Evening | H237: 246 | I237: 280 | J237: 5 | K237: 4.9 | L237: 36457.47 | M237: 10.15 | N237: 263.9 | O237: 328 | P237: 46206 | Q237: 46208 | R237: Rejected | S237: AeroTech UK
A238: PRD-00238 | B238: 46156 | C238: Composite Panel B | D238: Composite | E238: Autoclave-01 | F238: OP-025 | G238: Night | H238: 177 | I238: 138 | J238: 9 | K238: 1.8 | L238: 44294.34 | M238: 3.43 | N238: 75.46 | O238: 174 | P238: 46158 | Q238: 46158 | R238: Passed | S238: AeroTech UK
A239: PRD-00239 | B239: 46114 | C239: Surface Treatment Part | D239: Surface Treatment | E239: Surface-01 | F239: OP-026 | G239: Night | H239: 237 | I239: 259 | J239: 18 | K239: 7.8 | L239: 40893.93 | M239: 6.14 | N239: 135.08 | O239: 209 | P239: 46122 | Q239: 46124 | R239: Rework | S239: SkyWorks
A240: PRD-00240 | B240: 46164 | C240: Composite Panel A | D240: Composite | E240: Autoclave-01 | F240: OP-010 | G240: Evening | H240: 270 | I240: 223 | J240: 13 | K240: 7 | L240: 73352.71 | M240: 8.89 | N240: 195.58 | O240: 369 | P240: 46175 | Q240: 46175 | R240: Passed | S240: NorthStar Aviation
A241: PRD-00241 | B241: 46197 | C241: Composite Panel B | D241: Composite | E241: Autoclave-01 | F241: OP-002 | G241: Day | H241: 124 | I241: 128 | J241: 2 | K241: 0.4 | L241: 35748.17 | M241: 2.8 | N241: 61.6 | O241: 85 | P241: 46204 | Q241: 46208 | R241: Passed | S241: SkyWorks
... A288: PRD-00288 | B288: 46057 | C288: Assembly Kit X | D288: Assembly | E288: Assembly-01 | F288: OP-009 | G288: Day | H288: 243 | I288: 222 | J288: 10 | K288: 6.3 | L288: 36798.96 | M288: 4.81 | N288: 125.06 | O288: 208 | P288: 46061 | Q288: 46060 | R288: Passed | S288: Global Aero Systems
A289: PRD-00289 | B289: 46025 | C289: Machined Housing | D289: Machining | E289: CNC-02 | G289: Evening | H289: 118 | I289: 85 | J289: 2 | K289: 3.8 | L289: 21420.49 | M289: 2.29 | N289: 41.22 | O289: 162 | P289: 46028 | Q289: 46028 | R289: Passed | S289: AeroTech UK
A290: PRD-00290 | B290: 46162 | C290: Surface Treatment Part | D290: Surface Treatment | E290: Surface-01 | F290: OP-015 | G290: Night | H290: 129 | I290: 142 | J290: 3 | K290: 3.4 | L290: 18853.99 | M290: 4.99 | N290: 119.76 | O290: 202 | P290: 46167 | Q290: 46165 | R290: Passed | S290: AeroTech UK
A291: PRD-00291 | B291: 46156 | C291: Machined Housing | D291: Machining | E291: CNC-03 | F291: OP-007 | G291: Evening | H291: 179 | I291: 181 | J291: 5 | K291: 2.9 | L291: 37993.47 | M291: 7.33 | N291: 190.58 | O291: 170 | P291: 46162 | Q291: 46166 | R291: Passed | S291: AeroTech UK
A292: PRD-00292 | B292: 46193 | C292: Machined Housing | D292: Machining | E292: CNC-02 | F292: OP-005 | G292: Evening | H292: 140 | I292: 138 | J292: 4 | K292: 1.5 | L292: 26050.64 | M292: 5.1 | N292: 91.8 | O292: 110 | P292: 46204 | Q292: 46208 | R292: Rejected | S292: AeroTech UK
A293: PRD-00293 | B293: 46086 | C293: Sheet Metal Bracket | D293: Sheet Metal | E293: Laser-01 | F293: OP-008 | G293: Evening | H293: 103 | I293: 104 | J293: 3 | K293: 8.7 | L293: 11785.57 | M293: 2.76 | N293: 55.2 | O293: 200 | P293: 46089 | Q293: 46089 | R293: Rework | S293: Precision Air
A294: PRD-00294 | B294: 46188 | C294: Assembly Kit Y | D294: Assembly | E294: Assembly-02 | F294: OP-019 | G294: Day | H294: 267 | I294: 214 | J294: 14 | K294: 3.2 | L294: 41144.41 | M294: 6.34 | N294: 152.16 | O294: 302 | P294: 46198 | Q294: 46202 | R294: Passed | S294: Precision Air
A295: PRD-00295 | B295: 46112 | C295: Assembly Kit Y | D295: Assembly | E295: Assembly-03 | F295: OP-001 | G295: Night | H295: 199 | I295: 166 | J295: 13 | K295: 8.2 | L295: 29948.25 | M295: 3.61 | N295: 79.42 | O295: 226 | P295: 46122 | Q295: 46123 | R295: Rework | S295: Precision Air
A296: PRD-00296 | B296: 46120 | C296: Sheet Metal Bracket | D296: Sheet Metal | E296: Press-01 | F296: OP-005 | G296: Night | H296: 238 | I296: 259 | J296: 19 | K296: 2.1 | L296: 34238.7 | M296: 8.01 | N296: 192.24 | O296: 246 | P296: 46130 | Q296: 46134 | R296: Rejected | S296: SkyWorks
A297: PRD-00297 | B297: 46105 | C297: Repair Component | D297: Spares & Repairs | E297: Repair-02 | G297: Night | H297: 108 | I297: 82 | J297: 5 | K297: 0.4 | L297: 7988.17 | M297: 1.54 | N297: 27.72 | O297: 192 | P297: 46110 | Q297: 46109 | R297: Passed | S297: Global Aero Systems
A298: PRD-00298 | B298: 46191 | C298: Surface Treatment Part | D298: Surface Treatment | E298: Surface-02 | F298: OP-018 | G298: Night | H298: 92 | I298: 80 | J298: 4 | K298: 0.6 | L298: 12170.94 | M298: 2.38 | N298: 42.84 | O298: 171 | P298: 46203 | Q298: 46201 | R298: Passed | S298: Global Aero Systems
A299: PRD-00299 | B299: 46117 | C299: Composite Panel A | D299: Composite | E299: CNC-01 | F299: OP-007 | G299: Night | H299: 148 | I299: 140 | J299: 9 | K299: 7.5 | L299: 29256.38 | M299: 4.27 | N299: 76.86 | O299: 167 | P299: 46127 | Q299: 46129 | R299: Passed | S299: NorthStar Aviation
A300: PRD-00300 | B300: 46168 | C300: Sheet Metal Bracket | D300: Sheet Metal | E300: Bender-01 | F300: OP-013 | G300: Night | H300: 271 | I300: 260 | J300: 18 | K300: 6.9 | L300: 32851.52 | M300: 9.06 | N300: 217.44 | O300: 257 | P300: 46172 | Q300: 46172 | R300: Rejected | S300: SkyWorks
A301: PRD-00301 | B301: 46191 | C301: Sheet Metal Bracket | D301: Sheet Metal | E301: Bender-01 | F301: OP-018 | G301: Day | H301: 233 | I301: 212 | J301: 7 | K301: 2.8 | L301: 27935.06 | M301: 5.71 | N301: 137.04 | O301: 275 | P301: 46202 | Q301: 46202 | R301: Rejected | S301: Global Aero Systems
A302: PRD-00302 | B302: 46163 | C302: Assembly Kit X | D302: Assembly | E302: Assembly-02 | F302: OP-028 | G302: Evening | H302: 195 | I302: 177 | J302: 7 | K302: 6.5 | L302: 37212.72 | M302: 5.38 | N302: 118.36 | O302: 156 | P302: 46169 | Q302: 46169 | R302: Passed | S302: AeroTech UK
A303: PRD-00303 | B303: 46199 | C303: Assembly Kit X | D303: Assembly | E303: Assembly-03 | F303: OP-003 | G303: Night | H303: 210 | I303: 201 | J303: 17 | K303: 1.4 | L303: 28127.88 | M303: 4.29 | N303: 94.38 | O303: 233 | P303: 46204 | Q303: 46204 | R303: Passed | S303: Global Aero Systems
A304: PRD-00304 | B304: 46168 | C304: Machined Housing | D304: Machining | E304: CNC-04 | F304: OP-025 | G304: Day | H304: 99 | I304: 102 | J304: 7 | K304: 1.6 | L304: 27373.53 | M304: 3.25 | N304: 58.5 | O304: 135 | P304: 46170 | Q304: 46172 | R304: Passed | S304: SkyWorks
A305: PRD-00305 | B305: 46112 | C305: Repair Component | D305: Spares & Repairs | E305: Repair-02 | F305: OP-018 | G305: Night | H305: 318 | I305: 347 | J305: 28 | K305: 2 | L305: 34630.46 | M305: 6.34 | N305: 152.16 | O305: 291 | P305: 46118 | Q305: 46116 | R305: Passed | S305: NorthStar Aviation
A306: PRD-00306 | B306: 46106 | C306: Machined Housing | D306: Machining | E306: CNC-02 | F306: OP-011 | G306: Day | H306: 92 | I306: 92 | J306: 8 | K306: 8.7 | L306: 23407.79 | M306: 1.85 | N306: 44.4 | O306: 126 | P306: 46114 | Q306: 46114 | R306: Passed | S306: Global Aero Systems
A307: PRD-00307 | B307: 46169 | C307: Composite Panel A | D307: Composite | E307: CNC-01 | F307: OP-020 | G307: Night | H307: 182 | I307: 151 | J307: 6 | K307: 3.9 | L307: 46166.71 | M307: 4.46 | N307: 89.2 | O307: 266 | P307: 46177 | Q307: 46177 | R307: Rejected | S307: Precision Air
A308: PRD-00308 | B308: 46086 | C308: Machined Housing | D308: Machining | E308: CNC-02 | F308: OP-021 | G308: Day | H308: 148 | I308: 155 | J308: 5 | K308: 8.3 | L308: 31586.41 | M308: 4.37 | N308: 96.14 | O308: 156 | P308: 46093 | Q308: 46094 | R308: Rejected | S308: SkyWorks
A309: PRD-00309 | B309: 46066 | C309: Assembly Kit Y | D309: Assembly | E309: Assembly-03 | F309: OP-008 | G309: Night | H309: 290 | I309: 332 | J309: 14 | K309: 1.3 | L309: 60257.54 | M309: 7.57 | N309: 166.54 | O309: 289 | P309: 46069 | Q309: 46068 | R309: Passed | S309: NorthStar Aviation
... A365: PRD-00366 | B365: 46143 | C365: Composite Panel A | D365: Composite | E365: Autoclave-01 | F365: OP-004 | G365: Evening | H365: 259 | I365: 258 | J365: 1 | K365: 5.7 | L365: 85601.66 | M365: 5.25 | N365: 136.5 | O365: 262 | P365: 46154 | Q365: 46153 | R365: Passed | S365: Precision Air
A366: PRD-00367 | B366: 46180 | C366: Machined Housing | D366: Machining | E366: CNC-02 | G366: Day | H366: 285 | I366: 230 | J366: 8 | K366: 7.5 | L366: 55584.06 | M366: 4.81 | N366: 125.06 | O366: 384 | P366: 46184 | Q366: 46185 | R366: Passed | S366: Precision Air
A367: PRD-00368 | B367: 46067 | C367: Assembly Kit Y | D367: Assembly | E367: Assembly-01 | F367: OP-013 | G367: Day | H367: 110 | I367: 92 | J367: 6 | K367: 1.5 | L367: 15967.49 | M367: 2.19 | N367: 56.94 | O367: 80 | P367: 46071 | Q367: 46070 | R367: Rejected | S367: AeroTech UK
A368: PRD-00369 | B368: 46147 | C368: Composite Panel B | D368: Composite | E368: Autoclave-01 | F368: OP-017 | G368: Evening | H368: 81 | I368: 64 | J368: 0 | K368: 5.9 | L368: 23083.75 | M368: 2.39 | N368: 57.36 | O368: 82 | P368: 46152 | Q368: 46152 | R368: Passed | S368: Global Aero Systems
A369: PRD-00370 | B369: 46084 | C369: Sheet Metal Bracket | D369: Sheet Metal | E369: Bender-01 | G369: Night | H369: 257 | I369: 189 | J369: 4 | K369: 4.5 | L369: 26680.6 | M369: 6.95 | N369: 152.9 | O369: 324 | P369: 46086 | Q369: 46086 | R369: Passed | S369: AeroTech UK
A370: PRD-00371 | B370: 46181 | C370: Assembly Kit Y | D370: Assembly | E370: Assembly-03 | F370: OP-002 | G370: Night | H370: 209 | I370: 170 | J370: 12 | K370: 5.9 | L370: 28703.55 | M370: 6.31 | N370: 151.44 | O370: 296 | P370: 46185 | Q370: 46185 | R370: Passed | S370: SkyWorks
A371: PRD-00372 | B371: 46095 | C371: Machined Housing | D371: Machining | E371: CNC-03 | F371: OP-004 | G371: Day | H371: 144 | I371: 124 | J371: 9 | K371: 6.8 | L371: 25210.61 | M371: 4.98 | N371: 99.6 | O371: 144 | P371: 46097 | Q371: 46101 | R371: Rejected | S371: NorthStar Aviation
A372: PRD-00373 | B372: 46136 | C372: Assembly Kit Y | D372: Assembly | E372: Assembly-02 | F372: OP-016 | G372: Night | H372: 130 | I372: 135 | J372: 11 | K372: 2.1 | L372: 21521.66 | M372: 3.2 | N372: 76.8 | O372: 141 | P372: 46144 | Q372: 46144 | R372: Passed | S372: Global Aero Systems
A373: PRD-00374 | B373: 46036 | C373: Repair Component | D373: Spares & Repairs | E373: Repair-01 | F373: OP-023 | G373: Night | H373: 135 | I373: 151 | J373: 6 | K373: 3.5 | L373: 12794.57 | M373: 5.01 | N373: 110.22 | O373: 146 | P373: 46043 | Q373: 46043 | R373: Passed | S373: AeroTech UK
...

Sheet Formula_Analysis
A1: Manufacturing Performance Formula Analysis
A3: 1. Product Lookup Analysis Xlookup :
A5: Product | B5: Department | C5: Standard_Unit_Cost | D5: Product_Manager
A6: Machined Housing | B6: =IFERROR(_xlfn.XLOOKUP(A6,Product_Lookup!$A$2:$A$10,Product_Lookup!$B$2:$B$10),"Product Not Found") -> Machining | C6: =IFERROR(_xlfn.XLOOKUP(A6,Product_Lookup!$A$2:$A$10,Product_Lookup!$C$2:$C$10),"Product Not Found") -> 360 | D6: =IFERROR(_xlfn.XLOOKUP(A6,Product_Lookup!$A$2:$A$10,Product_Lookup!$D$2:$D$10),"Product Not Found") -> Manager D
A9: 2. Department-wise Production Summary (SUMIFS)
A11: Department | B11: Total Production | C11: Total Target | D11: Achievement %
A12: {=_xlfn.UNIQUE(tblProduction[Department])} -> Composite | B12: =SUMIFS(Clean_Data!$I:$I,Clean_Data!$D:$D,A12) -> 56256 | C12: =SUMIFS(Clean_Data!$H:$H,Clean_Data!$D:$D,A12) -> 60199 | D12: =IFERROR(B12/C12,0) -> 0.93450057
A13: Machining | B13: =SUMIFS(Clean_Data!$I:$I,Clean_Data!$D:$D,A13) -> 23091 | C13: =SUMIFS(Clean_Data!$H:$H,Clean_Data!$D:$D,A13) -> 25078 | D13: =IFERROR(B13/C13,0) -> 0.92076721
A14: Spares & Repairs | B14: =SUMIFS(Clean_Data!$I:$I,Clean_Data!$D:$D,A14) -> 32773 | C14: =SUMIFS(Clean_Data!$H:$H,Clean_Data!$D:$D,A14) -> 34951 | D14: =IFERROR(B14/C14,0) -> 0.93768419
A15: Sheet Metal | B15: =SUMIFS(Clean_Data!$I:$I,Clean_Data!$D:$D,A15) -> 30708 | C15: =SUMIFS(Clean_Data!$H:$H,Clean_Data!$D:$D,A15) -> 32748 | D15: =IFERROR(B15/C15,0) -> 0.93770612
A16: Assembly | B16: =SUMIFS(Clean_Data!$I:$I,Clean_Data!$D:$D,A16) -> 51256 | C16: =SUMIFS(Clean_Data!$H:$H,Clean_Data!$D:$D,A16) -> 54726 | D16: =IFERROR(B16/C16,0) -> 0.93659321
A17: Surface Treatment | B17: =SUMIFS(Clean_Data!$I:$I,Clean_Data!$D:$D,A17) -> 26976 | C17: =SUMIFS(Clean_Data!$H:$H,Clean_Data!$D:$D,A17) -> 29224 | D17: =IFERROR(B17/C17,0) -> 0.92307692
B18: =SUM(B12:B17) -> 221060 | C18: =SUM(C12:C17) -> 236926 | D18: =IFERROR(B18/C18,0) -> 0.93303394
A21: 3. Department-wise Average Downtime Analysis (AVERAGEIFS)
A23: Department | B23: Average Downtime (Hours) | C23: Performance
A24: {=_xlfn.UNIQUE(tblProduction[Department])} -> Composite | B24: =AVERAGEIFS(Clean_Data!$K:$K,Clean_Data!$D:$D,A24) -> 4.3208609 | C24: =IF(B24<4.35,"Low Downtime",IF(B24<4.6,"Moderate Downtime","High Downtime")) -> Low Downtime
A25: Machining | B25: =AVERAGEIFS(Clean_Data!$K:$K,Clean_Data!$D:$D,A25) -> 4.7387597 | C25: =IF(B25<4.35,"Low Downtime",IF(B25<4.6,"Moderate Downtime","High Downtime")) -> High Downtime
A26: Spares & Repairs | B26: =AVERAGEIFS(Clean_Data!$K:$K,Clean_Data!$D:$D,A26) -> 4.3244318 | C26: =IF(B26<4.35,"Low Downtime",IF(B26<4.6,"Moderate Downtime","High Downtime")) -> Low Downtime
A27: Sheet Metal | B27: =AVERAGEIFS(Clean_Data!$K:$K,Clean_Data!$D:$D,A27) -> 4.2497006 | C27: =IF(B27<4.35,"Low Downtime",IF(B27<4.6,"Moderate Downtime","High Downtime")) -> Low Downtime
A28: Assembly | B28: =AVERAGEIFS(Clean_Data!$K:$K,Clean_Data!$D:$D,A28) -> 4.4945055 | C28: =IF(B28<4.35,"Low Downtime",IF(B28<4.6,"Moderate Downtime","High Downtime")) -> Moderate Downtime
A29: Surface Treatment | B29: =AVERAGEIFS(Clean_Data!$K:$K,Clean_Data!$D:$D,A29) -> 4.3790541 | C29: =IF(B29<4.35,"Low Downtime",IF(B29<4.6,"Moderate Downtime","High Downtime")) -> Moderate Downtime
A32: 4. Department-wise Quality Status Analysis (COUNTIFS)
A34: Department | B34: Passed | C34: Rework | D34: Rejected | E34: Not Recorded | F34: Total Records | G34: Rejection Rate % | H34: Passed Rate %
A35: {=_xlfn.UNIQUE(tblProduction[Department])} -> Composite | B35: =COUNTIFS(Clean_Data!$D:$D,$A35,Clean_Data!$R:$R,B$34) -> 184 | C35: =COUNTIFS(Clean_Data!$D:$D,$A35,Clean_Data!$R:$R,C$34) -> 60 | D35: =COUNTIFS(Clean_Data!$D:$D,$A35,Clean_Data!$R:$R,D$34) -> 58 | E35: =COUNTIFS(Clean_Data!$D:$D,$A35,Clean_Data!$R:$R,E$34) -> 0 | F35: =SUM(B35:E35) -> 302 | G35: =IFERROR(D35/F35,0) -> 0.19205298 | H35: =IFERROR(B35/F35,0) -> 0.60927152
A36: Machining | B36: =COUNTIFS(Clean_Data!$D:$D,$A36,Clean_Data!$R:$R,B$34) -> 81 | C36: =COUNTIFS(Clean_Data!$D:$D,$A36,Clean_Data!$R:$R,C$34) -> 25 | D36: =COUNTIFS(Clean_Data!$D:$D,$A36,Clean_Data!$R:$R,D$34) -> 23 | E36: =COUNTIFS(Clean_Data!$D:$D,$A36,Clean_Data!$R:$R,E$34) -> 0 | F36: =SUM(B36:E36) -> 129 | G36: =IFERROR(D36/F36,0) -> 0.17829457 | H36: =IFERROR(B36/F36,0) -> 0.62790698
A37: Spares & Repairs | B37: =COUNTIFS(Clean_Data!$D:$D,$A37,Clean_Data!$R:$R,B$34) -> 105 | C37: =COUNTIFS(Clean_Data!$D:$D,$A37,Clean_Data!$R:$R,C$34) -> 35 | D37: =COUNTIFS(Clean_Data!$D:$D,$A37,Clean_Data!$R:$R,D$34) -> 34 | E37: =COUNTIFS(Clean_Data!$D:$D,$A37,Clean_Data!$R:$R,E$34) -> 2 | F37: =SUM(B37:E37) -> 176 | G37: =IFERROR(D37/F37,0) -> 0.19318182 | H37: =IFERROR(B37/F37,0) -> 0.59659091
A38: Sheet Metal | B38: =COUNTIFS(Clean_Data!$D:$D,$A38,Clean_Data!$R:$R,B$34) -> 102 | C38: =COUNTIFS(Clean_Data!$D:$D,$A38,Clean_Data!$R:$R,C$34) -> 23 | D38: =COUNTIFS(Clean_Data!$D:$D,$A38,Clean_Data!$R:$R,D$34) -> 42 | E38: =COUNTIFS(Clean_Data!$D:$D,$A38,Clean_Data!$R:$R,E$34) -> 0 | F38: =SUM(B38:E38) -> 167 | G38: =IFERROR(D38/F38,0) -> 0.25149701 | H38: =IFERROR(B38/F38,0) -> 0.61077844
A39: Assembly | B39: =COUNTIFS(Clean_Data!$D:$D,$A39,Clean_Data!$R:$R,B$34) -> 166 | C39: =COUNTIFS(Clean_Data!$D:$D,$A39,Clean_Data!$R:$R,C$34) -> 51 | D39: =COUNTIFS(Clean_Data!$D:$D,$A39,Clean_Data!$R:$R,D$34) -> 54 | E39: =COUNTIFS(Clean_Data!$D:$D,$A39,Clean_Data!$R:$R,E$34) -> 2 | F39: =SUM(B39:E39) -> 273 | G39: =IFERROR(D39/F39,0) -> 0.1978022 | H39: =IFERROR(B39/F39,0) -> 0.60805861
A40: Surface Treatment | B40: =COUNTIFS(Clean_Data!$D:$D,$A40,Clean_Data!$R:$R,B$34) -> 79 | C40: =COUNTIFS(Clean_Data!$D:$D,$A40,Clean_Data!$R:$R,C$34) -> 37 | D40: =COUNTIFS(Clean_Data!$D:$D,$A40,Clean_Data!$R:$R,D$34) -> 32 | E40: =COUNTIFS(Clean_Data!$D:$D,$A40,Clean_Data!$R:$R,E$34) -> 0 | F40: =SUM(B40:E40) -> 148 | G40: =IFERROR(D40/F40,0) -> 0.21621622 | H40: =IFERROR(B40/F40,0) -> 0.53378378
A44: 5. Best and Worst Quality Performance Analysis (MAXIFS)
A46: Highest Rejection Rate | B46: =_xlfn.MAXIFS($G$35:$G$40,$G$35:$G$40,">0") -> 0.25149701
A47: Department with Highest Rejection | B47: =_xlfn.XLOOKUP(B46,$G$35:$G$40,$A$35:$A$40) -> Sheet Metal
A49: Lowest Rejection Rate | B49: =_xlfn.MINIFS($G$35:$G$40,$G$35:$G$40,">0") -> 0.17829457
A50: Department with Lowest Rejection | B50: =_xlfn.XLOOKUP(B49,$G$35:$G$40,$A$35:$A$40) -> Machining
A53: 6. Dynamic Production Record Filter (FILTER) | K53: 7: Dynamic Summary
A55: Select Department | B55: Composite | K55: Filtered Records | L55: =ROWS(_xlfn.ANCHORARRAY(A61)) -> 17
A56: Select Shift | B56: Day | K56: Total Production Target | L56: =SUM(INDEX(_xlfn.ANCHORARRAY(A61),,6)) -> 3389
A57: Select Quality Status | B57: Rejected | K57: Total Actual Production | L57: =SUM(INDEX(_xlfn.ANCHORARRAY(A61),,7)) -> 3212
K58: Total Defects | L58: =SUM(INDEX(_xlfn.ANCHORARRAY(A61),,8)) -> 171
K59: Average Achievement % | L59: =IFERROR(L57/L56,0) -> 0.9477722
A60: Production_ID | B60: Production_Date | C60: Product | D60: Department | E60: Shift | F60: Production_Target | G60: Actual_Production | H60: Defects | I60: Quality_Status
A61: {=_xlfn._xlws.FILTER(CHOOSE({1,2,3,4,5,6,7,8,9},Clean_Data!$A$5:$A$1199,Clean_Data!$B$5:$B$1199,Clean_Data!$C$5:$C$1199,Clean_Data!$D$5:$D$1199,Clean_Data!$G$5:$G$1199,Clean_Data!$H$5:$H$1199,Clean_Data!$I$5:$I$1199,Clean_Data!$J$5:$J$1199,Clean_Data!$R$5:$R$1199),(Clean_Data!$A$5:$A$1199<>"")*(($B$55="All")+(Clean_Data!$D$5:$D$1199=$B$55)>0)*(($B$56="All")+(Clean_Data!$G$5:$G$1199=$B$56)>0)*(($B$57="All")+(Clean_Data!$R$5:$R$1199=$B$57)>0),"No matching records")} -> PRD-00083 | B61: 46188 | C61: Composite Panel B | D61: Composite | E61: Day | F61: 232 | G61: 217 | H61: 10 | I61: Rejected
A62: PRD-00086 | B62: 46056 | C62: Composite Panel B | D62: Composite | E62: Day | F62: 223 | G62: 196 | H62: 14 | I62: Rejected
A63: PRD-00230 | B63: 46065 | C63: Composite Panel B | D63: composite | E63: Day | F63: 162 | G63: 133 | H63: 12 | I63: Rejected
A64: PRD-00254 | B64: 46077 | C64: Composite Panel A | D64: Composite | E64: Day | F64: 146 | G64: 139 | H64: 13 | I64: Rejected
A65: PRD-00310 | B65: 46096 | C65: Composite Panel A | D65: Composite | E65: Day | F65: 257 | G65: 273 | H65: 8 | I65: Rejected
A66: PRD-00337 | B66: 46154 | C66: Composite Panel B | D66: Composite | E66: Day | F66: 218 | G66: 189 | H66: 6 | I66: Rejected
A67: PRD-00462 | B67: 46127 | C67: Composite Panel B | D67: Composite | E67: Day | F67: 174 | G67: 168 | H67: 1 | I67: Rejected
A68: PRD-00511 | B68: 46132 | C68: Composite Panel B | D68: Composite | E68: Day | F68: 134 | G68: 102 | H68: 3 | I68: Rejected
A69: PRD-00747 | B69: 46194 | C69: Composite Panel B | D69: Composite | E69: Day | F69: 137 | G69: 116 | H69: 2 | I69: Rejected
A70: PRD-00769 | B70: 46081 | C70: Composite Panel B | D70: Composite | E70: Day | F70: 244 | G70: 260 | H70: 21 | I70: Rejected
A71: PRD-00783 | B71: 46125 | C71: Composite Panel B | D71: Composite | E71: Day | F71: 269 | G71: 261 | H71: 17 | I71: Rejected
A72: PRD-00802 | B72: 46112 | C72: Composite Panel B | D72: Composite | E72: Day | F72: 195 | G72: 203 | H72: 10 | I72: Rejected
A73: PRD-00915 | B73: 46172 | C73: Composite Panel B | D73: Composite | E73: day | F73: 237 | G73: 170 | H73: 14 | I73: Rejected
... A77: PRD-01066 | B77: 46175 | C77: Composite Panel A | D77: Composite | E77: Day | F77: 218 | G77: 246 | H77: 17 | I77: Rejected

Sheet Product_Lookup
A1: Product | B1: Department | C1: Standard_Unit_Cost | D1: Product_Manager
A2: Composite Panel A | B2: Composite | C2: 420 | D2: Manager A
A3: Composite Panel B | B3: Composite | C3: 510 | D3: Manager B
A4: Sheet Metal Bracket | B4: Sheet Metal | C4: 185 | D4: Manager C
A5: Machined Housing | B5: Machining | C5: 360 | D5: Manager D
A6: Assembly Kit X | B6: Assembly | C6: 275 | D6: Manager E
A7: Assembly Kit Y | B7: Assembly | C7: 315 | D7: Manager F
A8: Repair Component | B8: Spares & Repairs | C8: 145 | D8: Manager G
A9: Surface Treatment Part | B9: Surface Treatment | C9: 225 | D9: Manager H
A10: Sunglass | B10: Composite | C10: 120 | D10: Ali Akbar

Sheet Pivot_Analysis
A1: Pivot Table 1: Department-wise Production Analysis
G2: Chart 1: Department-wise Target vs Actual Production
A3: Row Labels | B3: Total Production_Target | C3: Total Actual_Production | D3: Achievement %
A4: Assembly | B4: 54726 | C4: 51256 | D4: =C5/B5 -> 0.93450057
A5: Composite | B5: 60199 | C5: 56256 | D5: =C6/B6 -> 0.92076721
A6: Machining | B6: 25078 | C6: 23091 | D6: =C7/B7 -> 0.93770612
A7: Sheet Metal | B7: 32748 | C7: 30708 | D7: =C8/B8 -> 0.93768419
A8: Spares & Repairs | B8: 34951 | C8: 32773 | D8: =C9/B9 -> 0.92307692
A9: Surface Treatment | B9: 29224 | C9: 26976 | D9: =C10/B10 -> 0.93303394
A10: Grand Total | B10: 236926 | C10: 221060 | D10: =GETPIVOTDATA("Total Actual_Production",$A$3)/GETPIVOTDATA("Total Production_Target",$A$3) -> 0.93303394
G20: Chart 2: Monthly Production Trend
A27: Pivot Table 2: Monthly Production Trend Analysis
A30: Row Labels | B30: Total Production Target | C30: Total Actual Production
A31: Jan | B31: 39822 | C31: 37533
A32: Feb | B32: 34674 | C32: 32042
A33: Mar | B33: 40453 | C33: 37742
A34: Apr | B34: 45024 | C34: 42130
A35: May | B35: 37848 | C35: 34987
A36: Jun | B36: 39105 | C36: 36626
A37: Grand Total | B37: 236926 | C37: 221060
A46: Pivot Table 3: Quality Status Analysis | G46: Chart 3: Quality Status Distribution
A49: Row Labels | B49: Total Production Record
A50: Not Recorded | B50: 4
A51: Passed | B51: 717
A52: Rejected | B52: 243
A53: Rework | B53: 231
A54: Grand Total | B54: 1195
A62: Pivot Table 4: Product-wise Performance Analysis | G62: Chart 4: Product-wise Actual Production
A66: Row Labels | B66: Total Production Target | C66: Total Actual Production | D66: Total Defects
A67: Machined Housing | B67: 25078 | C67: 23091 | D67: 1112
A68: Assembly Kit X | B68: 27207 | C68: 25202 | D68: 1077
A69: Composite Panel A | B69: 26739 | C69: 25288 | D69: 1268
A70: Assembly Kit Y | B70: 27519 | C70: 26054 | D70: 1312
A71: Surface Treatment Part | B71: 29224 | C71: 26976 | D71: 1218
A72: Sheet Metal Bracket | B72: 32748 | C72: 30708 | D72: 1456
A73: Composite Panel B | B73: 33460 | C73: 30968 | D73: 1538
A74: Repair Component | B74: 34951 | C74: 32773 | D74: 1561
A75: Grand Total | B75: 236926 | C75: 221060 | D75: 10542
A83: Pivot Table 5: Shift-wise Performance Analysis | G83: Chart 5: Shift-wise Actual Production vs Defects
B86: Total Production Target | C86: Total Actual Production | D86: Total Defects
A87: Day | B87: 76713 | C87: 71661 | D87: 3489
A88: Evening | B88: 77425 | C88: 72521 | D88: 3226
A89: Night | B89: 82788 | C89: 76878 | D89: 3827
A90: Grand Total | B90: 236926 | C90: 221060 | D90: 10542
